members,value_ua,site,type
166606,79330,–õ–µ–≥–∏—Ç–∏–º–Ω—ã–π,sbu
111263,60264,–†–µ–∑–∏–¥–µ–Ω—Ç,sbu
21125,42200,–ß—ë—Ä–Ω—ã–π –ö–≤–∞—Ä—Ç–∞–ª,sbu
33444,37393,–°–ø–ª–µ—Ç–Ω–∏—Ü–∞,sbu
37242,27385,–ö–∞—Ä—Ç–µ–ª—å,sbu
7495,21029,–ö–∞—Ä—Ç–µ–ª—å,sbu
7681,13409,–†–µ–∑–∏–¥–µ–Ω—Ç,sbu
15302,12800,–û–¥–µ—Å—Å–∫–∏–π —Ñ—Ä–∞–µ—Ä,sbu
29007,12302,–õ–µ–≥–∏—Ç–∏–º–Ω—ã–π live,sbu
9748,11100,–ù–µ—Ç–∏–ø–∏—á–Ω–æ–µ –ó–∞–ø–æ—Ä–æ–∂—å–µ,sbu
8344,8000,–ù–∏–∫–æ–ª–∞–µ–≤ live,sbu
8200,5790,–õ–µ–≥–∏—Ç–∏–º–Ω—ã–π,sbu
154552,64551,–ê–Ω–¥—Ä–µ–π –ü–æ—Ä—Ç–Ω–æ–≤,proru
86618,39993,Dubinsky.pro,proru
199797,38042,Perepichka News,proru
47813,36275,–Ω–∞–≥–ª—ã–π,proru
28742,29276,–î–æ–±–∫–∏–Ω –ú–∏—Ö–∞–∏–ª,proru
629044,220019,–ö–æ—Ä–æ–Ω–∞–≤—ñ—Ä—É—Å_—ñ–Ω—Ñ–æ,other
524704,98266,–£–∫—Ä–∞–∏–Ω–∞ –°–µ–π—á–∞—Å,other
419338,87005,–£–∫—Ä–∞–∏–Ω–∞ 24/7,other
312703,61413,–¢–°–ù,other
308128,55745,–£–∫—Ä–∞–∏–Ω–∞ Online,other
276837,59654,–•–†–û–ù–ò–ö–ò üî± –£–ö–†–ê–ò–ù–´,other
260424,42867,–¢–∏–ø–∏—á–Ω–∞—è –£–∫—Ä–∞–∏–Ω–∞üî•,other
220595,46762,–ò–Ω—Å–∞–π–¥–µ—Ä UA,other
199037,29621,–ö–æ—Ä–æ–Ω–∞–≤–∏—Ä—É—Å –£–∫—Ä–∞–∏–Ω–∞ü¶†,other
174361,51851,–•—É–µ–≤—ã–π –î–Ω–µ–ø—Ä üñ§,other
173638,25285,–£–∫—Ä–∞–∏–Ω–∞‚ö°Ô∏è–ù–æ–≤–æ—Å—Ç–∏,other
168512,23949,–£–∫—Ä–∞–∏–Ω–∞ –≤ —à–æ–∫–µ,other
165532,26808,OneNews –£–∫—Ä–∞–∏–Ω–∞,other
161140,22671,–ê–Ω—Ç–∏–∫–æ—Ä—Ä—É–ø—Ü–∏—è UA,other
156195,18884,Top_news | –ù–æ–≤–∏–Ω–∏ –£–∫—Ä–∞—ó–Ω–∏,other
139719,33282,–ê–¥–≤–æ–∫–∞—Ç –ü—Ä–∞–≤–∞,other
135865,55109,–•—É–µ–≤—ã–π –•–∞—Ä—å–∫–æ–≤,other
127403,16719,–ë–î–°–ù,other
125268,30835,–ö–∏—ó–≤ –û–ø–µ—Ä–∞—Ç–∏–≤–Ω–∏–π | Kyiv Operative,other
116640,21115,–ß–ü –£–∫—Ä–∞—ó–Ω–∞,other
114922,13956,–°–¢–†–ê–ù–ê –£–ö–†–ê–ò–ù–ê,other
112344,25697,–£–∫—Ä–∞–∏–Ω–∞ –±–µ–∑ —Ü–µ–Ω–∑—É—Ä—ã | –ù–æ–≤–æ—Å—Ç–∏,other
112078,25718,–£–∫—Ä–∞–∏–Ω–∞ –ù–æ–≤–æ—Å—Ç–∏,other
110208,16581,–ö—Ä–∏–º–∏–Ω–∞–ª—å–Ω–∞—è –£–∫—Ä–∞–∏–Ω–∞ || –ù–æ–≤–æ—Å—Ç–∏ üá∫üá¶,other
108171,12422,–ö–æ—Ä—Ä–µ—Å–ø–æ–Ω–¥–µ–Ω—Ç UA,other
103016,36711,–ú–æ–ª–Ω–∏—è ‚ö°Ô∏è‚ö°Ô∏è‚ö°Ô∏è,other
102252,30160,News | –£–∫—Ä–∞–∏–Ω–∞,other
101551,28144,–•–∞—Ä—å–∫–æ–≤ Life | C–æ–±—ã—Ç–∏—è –∏ –Ω–æ–≤–æ—Å—Ç–∏,other
97957,18954,–ù–æ–≤–∏–Ω–∏ | –£–∫—Ä–∞—ó–Ω–∞,other
97734,16589,GPR.news –£–∫—Ä–∞–∏–Ω–∞,other
97056,10157,–ù–û–í–´–ô –ö–ê–ù–ê–õ,other
96546,30813,–•–° | –•–∞—Ä—å–∫–æ–≤,other
94652,14163,–£–∫—Ä–∞–∏–Ω–∞ –∏–∑–Ω—É—Ç—Ä–∏ | –ù–æ–≤–æ—Å—Ç–∏,other
92786,9809,UKRAINE NEWS,other
92367,22938,–ù–û–í–ò–ù–ê üá∫üá¶,other
87714,11637,–†–µ–ø–æ—Ä—Ç–µ—Ä UA,other
87365,17720,–ö—É–¥–∏ –ø—ñ—Ç–∏? | –ö–∏—ó–≤ ‚ù§Ô∏è,other
86585,21046,–û–ø–∞—Å–Ω–∞—è –£–∫—Ä–∞–∏–Ω–∞,other
84320,69666,–î–∂–æ–∫–µ—Ä,other
81823,16776,–•–£–∫—Ä–∞–∏–Ω–∞ / –ù–æ–≤–æ—Å—Ç–∏,other
80231,11939,–£–∫—Ä–∞–∏–Ω–∞ –¥–Ω–µ–º –∏ –Ω–æ—á—å—é,other
78615,51891,–¢–†–£–•–ê‚ö°Ô∏è–•–∞—Ä—å–∫–æ–≤,other
76080,11985,–£–∫—Ä–∞–∏–Ω–∞ –°–µ–≥–æ–¥–Ω—è,other
75743,22316,–£–ö–†–ê–ò–ù–ê PRIVATE,other
71381,32782,–¢—ë–º–Ω—ã–π –†—ã—Ü–∞—Ä—å,other
71198,33127,–ù–æ–≤–∏–Ω–∏ –£–∫—Ä–∞—ó–Ω–∏ | –ù–æ–≤–æ—Å—Ç–∏ –£–∫—Ä–∞–∏–Ω—ã,other
71119,22114,–ö–æ–º–∞–Ω–¥–∞ –ó–µ–ª–µ–Ω—Å—å–∫–æ–≥–æ,other
70250,7427,–°—Ç–æ–ª–æ–≤–∫–∞ –£–∫—Ä–∞–∏–Ω—Ü–∞,other
60541,22173,–¢–°–ù –Ω–æ–≤–∏–Ω–∏ / –¢–°–ù.ua,other
60466,24967,–ö–∞—Ä—Ç–æ—á–Ω—ã–π –û—Ñ–∏—Å,other
57517,10686,–ö—É–¥–∞ –ø–æ–π—Ç–∏? | –û–¥–µ—Å—Å–∞,other
56000,7109,NEXTA UA üá∫üá¶,other
55912,27852,–û—á–∫–∏ –ë–∞–∫–∞–Ω–æ–≤–∞,other
54647,58900,Zelenskiy / Official,other
53755,5750,üá∫üá¶–ü—Ä–∞–≤–¥–∞ –£–∫—Ä–∞–∏–Ω–∞,other
53155,13397,–í–µ—Ä—Ö–æ–≤–Ω–∞ –†–∞–¥–∞,other
52703,7733,–ü–µ—Ä—à–∏–π –ù–∞—Ü—ñ–æ–Ω–∞–ª—å–Ω–∏–π,other
52467,17925,–•–∞—Ä—å–∫–æ–≤ LIVE,other
52425,31669,–ù–æ–≤–∏–Ω–∞—á,other
51807,17947,–•–∞—Ä—å–∫–æ–≤ —Ç—É—Ç –ü–ó–î–¶ üëÅüëÅ,other
51287,11920,–ö–∏—ó–≤ LIVE,other
48468,18280,–•–∞—Ä—å–∫–æ–≤ 1654,other
46844,14902,–ù–æ–≤–æ—Å—Ç–∏ –û–¥–µ—Å—Å–∞,other
46042,8039,–õ—é–±–∏–º—ã–π –ö–∏–µ–≤,other
45558,7201,MAFIA UA üá∫üá¶,other
45087,7017,"–ö–æ—Ä–æ–Ω–∞–≤–∏—Ä—É—Å, —Å–µ–Ω—Å–∞—Ü–∏–∏ –∏ —Ñ–∞–∫—Ç—ã - LIVE",other
45084,16063,–Ñ–¥–Ω—ñ—Å—Ç—å,other
44570,5553,–ù–û–í–ê–Ø –£–ö–†–ê–ò–ù–ê,other
43739,6986,–ü–†–ê–í–î–ê UA,other
42685,26955,Sonya Koshkina (official),other
41317,9530,Obozrevatel.ua,other
41086,11199,Online –ù–æ–≤–æ—Å—Ç–∏,other
40477,11728,–î–Ω–µ–ø—Ä –°–µ–π—á–∞—Å,other
40469,6407,–ö–∏—ó–≤ | –ö–∏–µ–≤ 24/7,other
40236,11004,–ô–ê–î,other
39924,7213,–ê—Ñ–∏—à–∞ –ö–∏–µ–≤–∞,other
39860,13646,–ü–æ–ª—ñ—Ç–∏–∫–∞ UA üá∫üá¶,other
39653,13510,–ù–æ–≤–∏–Ω–∏ –£–∫—Ä–∞—ó–Ω–∏,other
38268,7397,–•—É–µ–≤—ã–π –ö–∏–µ–≤,other
36699,15318,–ü–µ—Ç—Ä–æ –ü–æ—Ä–æ—à–µ–Ω–∫–æ,other
35633,5087,–ù–æ–≤–æ—Å—Ç–∏ –£–∫—Ä–∞–∏–Ω—ã | –ß–ê–°,other
32880,7585,–ö—É–¥–∞ –ø–æ–π—Ç–∏? | –•–∞—Ä—å–∫–æ–≤,other
32690,19548,–ö–æ—Ä–æ–Ω–∞–≤—ñ—Ä—É—Å —É —Ä–µ–≥—ñ–æ–Ω–∞—Ö,other
32320,9949,–ö–∏–µ–≤ –°–µ–π—á–∞—Å,other
31856,5349,–£–∫—Ä–∞—ó–Ω–∞ 24,other
31538,15869,hromadske,other
30613,4275,–£–∫—Ä–∞–∏–Ω–∞ HotNewsüî•,other
30201,7774,–ê—Ñ–∏—à–∞: –í –ö–∏–µ–≤–µ ‚òÄÔ∏è,other
29554,7222,–ù–æ–≤–∏–Ω–∏ –£–∫—Ä–∞—ó–Ω–∏,other
28605,10519,–û—Ñ—ñ—Å –ü—Ä–µ–∑–∏–¥–µ–Ω—Ç–∞,other
28060,18768,FEDOROV,other
25724,11839,–ù–∞—á–®—Ç–∞–±—É,other
25247,10662,–ë–µ—Ä–µ–∑–æ–≤—ã–π —Å–æ–∫,other
24356,4510,–ü–û–õ–ò–¢–ò–ö–ê –ü–û-–î–ù–ï–ü–†–û–í–°–ö–ò,other
23259,17453,–ü–æ—Ä—Ç–Ω–∏–∫–æ–≤,other
21732,4932,G –ù–æ–≤–æ—Å—Ç–∏: –ü–æ–ª–∏—Ç–∏–∫–∞ –£–∫—Ä–∞–∏–Ω—ã,other
21110,19025,–®—Ä–∞–π–∫,other
20665,13587,–°–ª—É–∂–±–∞ –±–µ–∑–ø–µ–∫–∏ –£–∫—Ä–∞—ó–Ω–∏,other
20617,3838,–ó–µ–§–∞–∫–¢–∏,other
20030,6435,–°.–ö–æ—Ä–æ—Ç–∫–∏—Ö ¬´–ë–æ—Ü–º–∞–Ω¬ª,other
19095,7345,–ì–û–ù–ß–ê–†–ï–ù–ö–û,other
18651,7015,–ù–µ–¥–æ—Ç–æ—Ä–∫–∞–Ω—ñ,other
17607,26830,–ê–Ω–¥—Ä—ñ–π –ë—ñ–ª–µ—Ü—å–∫–∏–π,other
16515,7079,–ê–ª–µ–∫—Å–∞–Ω–¥—Ä –°–µ–º—á–µ–Ω–∫–æ,other
16229,11197,–ú–£–õ–¨–¢–ª–∏—á–Ω–æ—Å—Ç–∏,other
16113,4233,–§–∞—à–∏–∫ –î–æ–Ω–µ—Ü–∫–∏–π,other
16065,6411,–û—Å—Ç–∞–Ω–Ω—ñ–π –ë–ª–æ–∫–ø–æ—Å—Ç üõ°,other
15807,12193,–ú—É—Å—Ç–∞—Ñ–∞ –ù–∞–π–µ–º,other
15566,4498,–†—É—Å—Å–∫–∏–π –î–µ–º–∏—É—Ä–≥,other
15056,8353,KAPVEY,other
14459,7279,donetchanyn,other
13683,3777,–°–ª—É–≥–∞ –ù–∞—Ä–æ–¥—É,other
13471,6592,–ú–∏—Ä —Å–µ–≥–æ–¥–Ω—è —Å –Æ—Ä–∏–µ–º –ü–æ–¥–æ–ª—è–∫–æ–π,other
12888,7192,–ú–æ–Ω–æ—Ö—Ä–æ–º,other
12864,2663,–ú–í–° –£–∫—Ä–∞—ó–Ω–∏,other
12532,5523,–î–æ–Ω–±–∞—Å—Å–∫–∏–π –ö–µ–π—Å,other
11349,4997,–ê–Ω–¥—Ä—ñ–π –°–º–æ–ª—ñ–π,other
10747,1709,VARTA1,other
10642,6257,–¢–∞–π–Ω—ã –û—Ñ–∏—Å–∞ –ü—Ä–µ–∑–∏–¥–µ–Ω—Ç–∞,other
10564,4413,–ü–æ–ª—ñ—Ç–∏–∫–∞ –£–∫—Ä–∞—ó–Ω–∏,other
10563,9603,–ë–æ—Ä–∏—Å –§—ñ–ª–∞—Ç–æ–≤,other
10481,1860,–¢—ë–º–Ω—ã–π —Ä—ã—Ü–∞—Ä—å,other
10351,6368,–í–∞–ª–µ—Ä–∏—è –ó–∞—Ä—É–∂–∫–æ,other
10283,3538,–ù–ê–ë–û–õ–ï–õ–û –û–î–ï–°–°–ê,other
9994,3129,–ó–û–õ–û–¢–Ü –í–û–†–û–¢–ê | –ò–ù–°–ê–ô–î–´ –ö–ú–î–ê,other
9991,2571,–ì–æ–≤–æ—Ä–∏—Ç –£–∫—Ä–∞–∏–Ω–∞ | –ù–æ–≤–æ—Å—Ç–∏,other
9946,6195,–õ—É–≥–∞–Ω—Å–∫–∏–π –∏–Ω—Å–∞–π–¥,other
9742,26708,–í–∞–≥–Ω–µ—Ä-–≥–µ–π—Ç,other
9542,2623,–ì–û–†–î–û–ù,other
9488,2096,–í–∏–∫—Ç–æ—Ä–∏—è –ì—Ä–∏–±,other
9177,9684,"–°–ø–∞—Å–∏–±–æ, –†–∏–Ω–∞—Ç –õ–µ–æ–Ω–∏–¥–æ–≤–∏—á",other
9172,7532,–ó–ï–ª–∞–Ω–¥–∏—è,other
8243,5789,–ò—Å—Ç–æ—á–Ω–∏–∫–∏ –®–∞—É—Ä–º—ã –ó–µ–ª–µ–Ω—Å–∫–æ–≥–æ,other
41177,24658,–ú–∞–∫—Å –ë—É–∂–∞–Ω—Å–∫–∏–π,proru
36829,19168,–ö—Ä–æ–∫–æ–¥–∏–ª,proru
55933,18337,–ü–æ–ª–∏—Ç–∏–∫–∞ –°—Ç—Ä–∞–Ω—ã,proru
22420,17111,–ë–æ—Ä–æ–¥–∞—Ç–∞—è –ë–∞–±—É—à–∫–∞,proru
36418,16778,–ó—Ä–∞–¥–∞ —á–∏ –ü–µ—Ä–µ–º–æ–≥–∞,proru
17908,16106,–°–æ—Ä–æ—Å—è—Ç–∞,proru
53664,15125,Klymenko Time,proru
22667,11456,PavlovskyNews,proru
14979,10440,–ì—Ä—è–∑–Ω—ã–µ –∏–≥—Ä—ã,proru
10690,10431,–Æ—Ä–∏–π –¢–∫–∞—á—ë–≤,proru
9981,9871,–î–æ–Ω –ö–∏—Ö–æ—Ç,proru
16179,9494,–¢–µ–Ω—å –Ω–∞ –ø–ª–µ—Ç–µ–Ω—å,proru
19810,9311,–ö–†–Æ–ß–û–ö,proru
21360,8113,–ó–∞–ø—Ä–µ—â—ë–Ω–Ω–∞—è –£–∫—Ä–∞–∏–Ω–∞,proru
9273,8048,–ü–†–ê–í–î–ê –ö–ê–ß–£–†–ò,proru
9457,5994,–ï–ª–µ–Ω–∞ –ë–æ–Ω–¥–∞—Ä–µ–Ω–∫–æ,proru
11023,5491,—Ü–∏–±—É–ª—è,proru
18177,4906,Ivko.Live,proru
19715,4561,VESTI,proru
237962,117592,–ê–Ω–∞—Ç–æ–ª–∏–π –®–∞—Ä–∏–π,connected with sbu
63142,41715,–ñ–µ–Ω—â–∏–Ω–∞ —Å –∫–æ—Å–æ–π,connected with sbu
61419,38242,–û–õ–¨–ì–ê –®–ê–†–ò–ô,connected with sbu
55134,30269,–ó–µ–†–∞–¥–∞,connected with sbu
48210,17439,–®–µ–ø—Ç—É–Ω,connected with sbu
21471,16428,–†–∞–∑–≤–µ–¥—á–∏–∫,connected with sbu
138438,15293,–¢–ê–ô–ù–´ –î–ï–ü–£–¢–ê–¢–ê,connected with sbu
110863,13502,–ù–æ–≤–∏–Ω–∏ 24/7,connected with sbu
31970,13099,–ù–∞–±–ª—é–¥–∞—Ç–µ–ª—å,connected with sbu
13729,12186,–†–µ–≥–∏–æ–Ω–∞–ª—å–Ω–∞—è –≤–ª–∞—Å—Ç—å,connected with sbu
30333,12069,–®–∞—Ä–∏–π.net,connected with sbu
31542,9979,–ü–∞—Ä—Ç–∏—è –®–∞—Ä–∏—è,connected with sbu
65098,6734,–£–∫—Ä–∞–∏–Ω–∞ –≤ –°–µ—Ç–∏,connected with sbu
4600,4600,–í–µ—Ä—Ç–∏–∫–∞–ª—å,connected with sbu
22088,4451,–ö–∏–µ–≤ –í–ª–∞—Å—Ç—å,connected with sbu
4445,4400,–î–µ–ø—É—Ç–∞—Ç—Å–∫–∞—è –∫—É—Ä–∏–ª–∫–∞,connected with sbu
3792,3220,–°–µ–∫—Ä–µ—Ç–æ–≤.–ù–ï–¢,connected with sbu
